USE library;

DELETE FROM author;
INSERT INTO author (id, first_names, last_name) VALUES
(1, 'L. M.', 'Montgomery'),
(2, 'George', 'Eliot'),
(3, 'Nathaniel', 'Philbrick'),
(4, 'Oscar', 'Wilde'),
(5, 'C. S.', 'Lewis'),
(6, 'Bill', 'Bryson'),
(7, 'Lee', 'Child'),
(8, 'Robert', 'Galbraith'),
(9, 'J. K.', 'Rowling');

DELETE FROM publisher;
INSERT INTO publisher (id, name) VALUES
(1, 'Diamond Books'),
(2, 'Bantam Books'),
(3, 'Black Swan'),
(4, 'Penguin Group'),
(5, 'Puffin Books'),
(6, 'Sphere'),
(7, 'Bloomsbury Publishing'),
(8, 'Harper Collins');

DELETE FROM book;
INSERT INTO book (isbn, title, author_id, publisher_id, year_published, pages) VALUES
('978-0-14-143957-0', 'The Picture of Dorian Gray', 4, 4, '2003', 253),
('978-0-060-65293-4', 'The Screwtape Letters', 5, 8, '2001', 209),
('978-0-261-66794-7', 'Prince Caspian', 5, 1, '1996', 190),
('978-0-261-66702-0', 'The Lion, the Witch and the Wardrobe', 5, 1, '1996', 171),
('978-0-261-66795-5', 'The Voyage of the Dawn Treader', 5, 1, '1996', 189),
('978-0-552-99702-1', 'A Walk in the Woods', 6, 3, '1998', 350),
('978-0-857-50005-2', 'Die Trying', 7, 2, '2010', 557),
('978-0-553-82616-6', 'Killing Floor', 7, 2, '2010', 525),
('978-0-7515-4925-6', 'The Cuckoo\'s Calling', 8, 6, '2014', 550),
('978-0-14-311197-9', 'Mayflower', 3, 4, '2007', 415),
('978-0-14-030945-4', 'Anne of Green Gables', 1, 5, '1984', 253),
('978-0-14-062101-6', 'Adam Bede', 2, 4, '1994', 507),
('978-0-7475-6940-1', 'Harry Potter and the Order of the Phoenix', 9, 7, '2003', 766);

INSERT INTO member (id, first_name, last_name, email_address, phone_number) VALUES
(1, 'Darren', 'Franks', 'dazza@geemail.com', '555-819-2756'),
(2, 'Ned', 'England', 'neddy@coldmail.com', '555-764-9898'),
(3, 'Lindsey', 'Hale', 'lindsey.hale@corporate.com', NULL),
(4, 'Enid', 'Spence', 'enidspence@yipee.com', '555-812-0891'),
(5, 'Nichola', 'Brock', 'nikkib@geemail.com', NULL),
(6, 'Douglas', 'Spence', 'douggiespence@yipee.com', '555-812-0891');

INSERT INTO loan (id, member_id, book_isbn, date_loaned, date_due, date_returned) VALUES
 (1, 2, '978-0-060-65293-4', '2019-07-13 11-47-12', '2019-08-03', '2019-08-12 12-12-35'),
 (2, 1, '978-0-552-99702-1', '2019-03-02 15-21-08', '2019-03-23', '2019-03-18 16-04-18'),
 (3, 5, '978-0-14-030945-4', '2019-10-08 10-07-54', '2019-10-29', '2020-10-30 09-14-26'),
 (4, 3, '978-0-553-82616-6', '2019-11-26 12-32-16', '2019-12-17', '2019-12-17 10-24-31'),
 (5, 4, '978-0-261-66702-0', '2019-12-28 14-07-13', '2020-01-18', '2020-01-10 13-43-12'),
 (6, 5, '978-0-14-062101-6', '2020-02-14 13-00-09', '2020-03-06', '2020-03-09 13-12-01'),
 (7, 2, '978-0-7515-4925-6', '2020-02-29 09-26-32', '2020-03-21', '2020-04-17 15-54-28'),
 (8, 3, '978-0-261-66702-0', '2020-03-16 16-01-45', '2020-03-30', '2020-03-18 08-59-17'),
 (9, 4, '978-0-552-99702-1', '2020-04-30 16-48-03', '2020-05-21', '2020-05-20 11-17-44'),
(10, 1, '978-0-261-66795-5', '2020-05-13 11-46-32', '2020-06-03', '2020-06-01 16-58-20'),
(11, 4, '978-0-261-66794-7', '2020-06-09 10-49-18', '2020-06-30', '2020-06-30 10-12-16'),
(12, 4, '978-0-261-66795-5', '2020-06-09 10-49-20', '2020-06-30', '2020-06-30 10-12-28'),
(13, 1, '978-0-7475-6940-1', '2020-07-23 13-31-13', '2020-08-13', '2020-08-14 11-18-47'),
(14, 3, '978-0-7515-4925-6', '2020-08-16 14-07-03', '2020-09-06', NULL),
(15, 2, '978-0-552-99702-1', '2020-09-17 09-34-16', '2020-10-08', '2020-10-08 17-16-38'),
(16, 4, '978-0-060-65293-4', '2020-10-20 16-12-59', '2020-11-10', '2020-11-01 09-12-47'),
(17, 3, '978-0-14-143957-0', '2020-11-12 10-37-16', '2020-12-03', '2020-12-03 16-34-08'),
(18, 2, '978-0-14-062101-6', '2021-01-11 10-54-11', '2021-02-01', '2020-01-27 10-11-06'),
(19, 2, '978-0-14-311197-9', '2021-01-11 10-54-13', '2021-02-01', '2020-01-27 10-11-14'),
(20, 4, '978-0-552-99702-1', '2021-02-09 15-17-08', '2021-03-02', '2020-03-01 11-41-49'),
(21, 1, '978-0-14-030945-4', '2021-03-23 11-56-01', '2021-04-13', '2021-04-17 16-28-11'),
(22, 3, '978-0-7475-6940-1', '2021-05-04 09-01-17', '2021-05-25', '2021-05-31 09-18-17'),
(23, 4, '978-0-7515-4925-6', '2021-06-21 13-36-12', '2021-07-12', '2021-07-08 13-11-26'),
(24, 3, '978-0-060-65293-4', '2021-07-16 14-04-37', '2021-08-05', NULL),
(25, 2, '978-0-553-82616-6', '2021-07-26 12-48-11', '2021-08-16', NULL),
(26, 4, NULL, '2021-07-26 09-16-38', '2021-08-16', NULL );
